<manifest identifier="_53761d09-9624-49cd-8e5f-17b0b12ca4e9" xmlns="http://www.imsglobal.org/xsd/imscc/imscp_v1p1" xmlns:lomimscc="http://ltsc.ieee.org/xsd/imscc/LOM" xmlns:lom="http://ltsc.ieee.org/xsd/LOM" xmlns:voc="http://ltsc.ieee.org/xsd/LOM/vocab" xmlns:xsi="http://www.w3.org/2001/XMLSchema-instance" xsi:schemaLocation="http://www.imsglobal.org/xsd/imscc/imscp_v1p1    http://www.imsglobal.org/profile/cc/ccv1p0/derived_schema/imscp_v1p2_localised.xsd 	http://ltsc.ieee.org/xsd/LOM    http://www.imsglobal.org/profile/cc/ccv1p0/derived_schema/domainProfile_2/lomLoose_localised.xsd	http://ltsc.ieee.org/xsd/imscc/LOM    http://www.imsglobal.org/profile/cc/ccv1p0/derived_schema/domainProfile_1/lomLoose_localised.xsd">
	<metadata>
		<schema>IMS Common Cartridge</schema>
		<schemaversion>1.0.0</schemaversion>
	</metadata>
	<organizations>
		<organization identifier="ORG1" structure="rooted-hierarchy">
			<title>Root</title>
			<item identifier="_18daa078-9b35-421d-bb17-6ba5c1ff1263">
				<item identifier="_f9a68011-4af4-44b3-8bc4-96aa59096702">
					<title>Lab 1: The Scientific Method</title>
					<item identifier="_d3956ebe-5889-4037-a7f5-993b865a1a1d" identifierref="_a8a0d61e-ec50-4a2d-a341-5f493117db94">
						<title>Introduction</title>
					</item>
					<item identifier="_6143c39b-88d7-4bac-a7a7-f59742f8bdbc" identifierref="_f0d98eca-02a4-44a3-9984-91fe6676b23f">
						<title>Exercise 1</title>
					</item>
					<item identifier="_0d6a2f36-979b-4d5d-9d43-8f4b03b8a562" identifierref="_98cdde05-82cf-4cb1-aa2c-17a6889b0ede">
						<title>Exercise 2</title>
					</item>
				</item>
			</item>
		</organization>
	</organizations>
	<resources>
		<resource identifier="_a8a0d61e-ec50-4a2d-a341-5f493117db94" type="webcontent" href="CourseRoot/html/lab001s001.html">
			<file href="CourseRoot/html/lab001s001.html"/>
			<dependency identifierref="dependent"/>
		</resource>
		<resource identifier="_f0d98eca-02a4-44a3-9984-91fe6676b23f" type="webcontent" href="CourseRoot/html/lab001s002.html">
			<file href="CourseRoot/html/lab001s002.html"/>
			<dependency identifierref="dependent"/>
		</resource>
		<resource identifier="_98cdde05-82cf-4cb1-aa2c-17a6889b0ede" type="webcontent" href="CourseRoot/html/lab001s003.html">
			<file href="CourseRoot/html/lab001s003.html"/>
			<dependency identifierref="dependent"/>
		</resource>
		<resource type="webcontent" identifier="dependent">
			<file href="CourseRoot/css/esl01.css"/>
			<file href="CourseRoot/js/AC_RunActiveContent.js"/>
			<file href="CourseRoot/experiments/lab001ex001.doc"/>
			<file href="CourseRoot/experiments/lab001ex002.doc"/>
			<file href="CourseRoot/html/Clear_Skin_2.swf"/>
			<file href="CourseRoot/html/FLVPlayer_Progressive.swf"/>
			<file href="CourseRoot/html/lab001s001.html"/>
			<file href="CourseRoot/html/lab001s002.html"/>
			<file href="CourseRoot/html/lab001s003.html"/>
			<file href="CourseRoot/images/100px-x-100-px.jpg"/>
			<file href="CourseRoot/images/blue-1pix.jpg"/>
			<file href="CourseRoot/images/blue-right.jpg"/>
			<file href="CourseRoot/images/bottom_left_corner.jpg"/>
			<file href="CourseRoot/images/bottom_right_corner.jpg"/>
			<file href="CourseRoot/images/check_mark.jpg"/>
			<file href="CourseRoot/images/checkmark_b.jpg"/>
			<file href="CourseRoot/images/Down.jpg"/>
			<file href="CourseRoot/images/Download.jpg"/>
			<file href="CourseRoot/images/esl_logo.jpg"/>
			<file href="CourseRoot/images/Image-1-pix.jpg"/>
			<file href="CourseRoot/images/lab001banner.jpg"/>
			<file href="CourseRoot/images/lab001fig001.jpg"/>
			<file href="CourseRoot/images/lab001fig002.jpg"/>
			<file href="CourseRoot/images/lab001fig003.jpg"/>
			<file href="CourseRoot/images/lab001fig004.jpg"/>
			<file href="CourseRoot/images/lab006fig003.jpg"/>
			<file href="CourseRoot/images/left_side.jpg"/>
			<file href="CourseRoot/images/right-side.jpg"/>
			<file href="CourseRoot/images/spacer.gif"/>
			<file href="CourseRoot/images/Top-1pix.jpg"/>
			<file href="CourseRoot/images/top_left_corner.jpg"/>
			<file href="CourseRoot/images/top_right_corner.jpg"/>
		</resource>
	</resources>
</manifest>